employee_id,name,team,location,level,manager_id,tenure_months,joined_on
EMP1000,Aditya Nair,Consulting,Kolkata,Analyst,MGR024,23,2024-10-05
EMP1001,Arjun Nair,Consulting,Hyderabad,Manager,MGR005,68,2021-01-24
EMP1002,Riya Nair,Technology,Bengaluru,Consultant,MGR038,74,2020-07-28
EMP1003,Siddharth Joshi,Consulting,Mumbai,Analyst,MGR036,77,2020-04-29
EMP1004,Riya Patel,Technology,Bengaluru,Senior Manager,MGR020,3,2026-05-28
EMP1005,Meera Reddy,Technology,Kolkata,Consultant,MGR024,91,2019-03-06
EMP1006,Rohan Das,Consulting,Kolkata,Consultant,MGR032,95,2018-11-06
EMP1007,Varun Kulkarni,Risk Advisory,Kolkata,Manager,MGR024,58,2021-11-20
EMP1008,Nikhil Gupta,Consulting,Kolkata,Senior Consultant,MGR034,27,2024-06-07
EMP1009,Divya Verma,Tax,Kolkata,Analyst,MGR008,47,2022-10-16
EMP1010,Varun Kulkarni,Audit,Hyderabad,Manager,MGR003,25,2024-08-06
EMP1011,Varun Kaur,Technology,Gurugram,Senior Consultant,MGR023,13,2025-08-01
EMP1012,Ira Verma,Consulting,Bengaluru,Senior Consultant,MGR031,78,2020-03-30
EMP1013,Diya Desai,Operations,Kolkata,Manager,MGR019,12,2025-08-31
EMP1014,Priya Sharma,Risk Advisory,Gurugram,Consultant,MGR040,89,2019-05-05
EMP1015,Arjun Desai,Audit,Pune,Consultant,MGR026,11,2025-09-30
EMP1016,Rohan Bose,Risk Advisory,Hyderabad,Senior Manager,MGR018,67,2021-02-23
EMP1017,Lakshmi Kaur,Tax,Pune,Manager,MGR023,4,2026-04-28
EMP1018,Sara Patel,Consulting,Mumbai,Consultant,MGR015,52,2022-05-19
EMP1019,Tanvi Das,Audit,Gurugram,Senior Consultant,MGR001,5,2026-03-29
EMP1020,Priya Mehta,Technology,Gurugram,Consultant,MGR033,72,2020-09-26
EMP1021,Shreya Nair,Risk Advisory,Pune,Senior Manager,MGR026,87,2019-07-04
EMP1022,Ananya Shetty,Operations,Hyderabad,Analyst,MGR013,54,2022-03-20
EMP1023,Karthik Bose,Consulting,Gurugram,Senior Manager,MGR004,30,2024-03-09
EMP1024,Kabir Kaur,Consulting,Gurugram,Senior Manager,MGR002,76,2020-05-29
EMP1025,Pooja Joshi,Audit,Pune,Senior Consultant,MGR023,30,2024-03-09
EMP1026,Ananya Reddy,Risk Advisory,Hyderabad,Manager,MGR031,64,2021-05-24
EMP1027,Ananya Kulkarni,Operations,Gurugram,Manager,MGR011,22,2024-11-04
EMP1028,Rahul Chatterjee,Audit,Pune,Senior Manager,MGR002,30,2024-03-09
EMP1029,Aman Iyer,Operations,Gurugram,Senior Manager,MGR024,42,2023-03-15
EMP1030,Varun Gupta,Technology,Kolkata,Senior Manager,MGR022,49,2022-08-17
EMP1031,Ira Menon,Audit,Hyderabad,Consultant,MGR013,82,2019-12-01
EMP1032,Divya Sharma,Consulting,Gurugram,Manager,MGR017,49,2022-08-17
EMP1033,Priya Verma,Operations,Gurugram,Senior Consultant,MGR006,81,2019-12-31
EMP1034,Tanvi Menon,Tax,Mumbai,Manager,MGR040,33,2023-12-10
EMP1035,Manav Sharma,Risk Advisory,Pune,Senior Consultant,MGR006,82,2019-12-01
EMP1036,Anjali Joshi,Operations,Mumbai,Manager,MGR012,1,2026-07-27
EMP1037,Ishaan Iyer,Operations,Hyderabad,Manager,MGR026,85,2019-09-02
EMP1038,Divya Bose,Audit,Mumbai,Analyst,MGR010,14,2025-07-02
EMP1039,Ira Patel,Technology,Kolkata,Manager,MGR023,63,2021-06-23
EMP1040,Kabir Sharma,Consulting,Pune,Analyst,MGR034,74,2020-07-28
EMP1041,Riya Menon,Audit,Bengaluru,Senior Consultant,MGR014,21,2024-12-04
EMP1042,Varun Das,Tax,Gurugram,Senior Manager,MGR027,34,2023-11-10
EMP1043,Anjali Chatterjee,Risk Advisory,Pune,Senior Manager,MGR034,1,2026-07-27
EMP1044,Kabir Kaur,Audit,Kolkata,Senior Manager,MGR002,68,2021-01-24
EMP1045,Pooja Sharma,Audit,Mumbai,Consultant,MGR031,2,2026-06-27
EMP1046,Neha Nair,Tax,Pune,Senior Manager,MGR034,19,2025-02-02
EMP1047,Rohit Kaur,Consulting,Mumbai,Consultant,MGR018,17,2025-04-03
EMP1048,Rahul Verma,Technology,Bengaluru,Analyst,MGR029,16,2025-05-03
EMP1049,Pooja Bhat,Audit,Pune,Senior Consultant,MGR029,68,2021-01-24
EMP1050,Rahul Gupta,Operations,Kolkata,Senior Consultant,MGR036,65,2021-04-24
EMP1051,Manav Verma,Audit,Hyderabad,Analyst,MGR026,29,2024-04-08
EMP1052,Shreya Gupta,Risk Advisory,Bengaluru,Consultant,MGR020,13,2025-08-01
EMP1053,Nikhil Chatterjee,Audit,Gurugram,Consultant,MGR030,23,2024-10-05
EMP1054,Aditya Shetty,Audit,Pune,Consultant,MGR011,16,2025-05-03
EMP1055,Aditya Kulkarni,Risk Advisory,Mumbai,Senior Consultant,MGR021,69,2020-12-25
EMP1056,Aarav Kulkarni,Technology,Hyderabad,Manager,MGR002,50,2022-07-18
EMP1057,Pooja Desai,Technology,Bengaluru,Analyst,MGR015,70,2020-11-25
EMP1058,Rohan Rao,Tax,Bengaluru,Consultant,MGR018,17,2025-04-03
EMP1059,Lakshmi Rao,Risk Advisory,Mumbai,Senior Manager,MGR033,58,2021-11-20
EMP1060,Ishaan Iyer,Tax,Bengaluru,Consultant,MGR028,93,2019-01-05
EMP1061,Aarav Iyer,Tax,Bengaluru,Senior Manager,MGR015,38,2023-07-13
EMP1062,Karthik Sharma,Tax,Kolkata,Manager,MGR018,19,2025-02-02
EMP1063,Rahul Gupta,Consulting,Mumbai,Senior Consultant,MGR004,9,2025-11-29
EMP1064,Aman Desai,Technology,Mumbai,Senior Consultant,MGR029,43,2023-02-13
EMP1065,Vikram Chatterjee,Consulting,Gurugram,Analyst,MGR001,26,2024-07-07
EMP1066,Neha Menon,Technology,Hyderabad,Consultant,MGR029,68,2021-01-24
EMP1067,Riya Shetty,Technology,Hyderabad,Senior Manager,MGR020,87,2019-07-04
EMP1068,Ishaan Menon,Operations,Pune,Consultant,MGR026,33,2023-12-10
EMP1069,Manav Patel,Consulting,Bengaluru,Senior Consultant,MGR028,10,2025-10-30
EMP1070,Shreya Joshi,Technology,Pune,Senior Consultant,MGR039,14,2025-07-02
EMP1071,Diya Verma,Audit,Mumbai,Senior Consultant,MGR029,41,2023-04-14
EMP1072,Ishaan Kaur,Tax,Mumbai,Analyst,MGR020,50,2022-07-18
EMP1073,Aarav Kulkarni,Risk Advisory,Bengaluru,Manager,MGR018,27,2024-06-07
EMP1074,Sara Bhat,Consulting,Bengaluru,Senior Consultant,MGR006,29,2024-04-08
EMP1075,Diya Joshi,Consulting,Gurugram,Senior Consultant,MGR015,79,2020-02-29
EMP1076,Lakshmi Patel,Operations,Pune,Senior Manager,MGR025,71,2020-10-26
EMP1077,Tanvi Patel,Tax,Pune,Senior Manager,MGR010,96,2018-10-07
EMP1078,Rohit Bhat,Operations,Hyderabad,Senior Manager,MGR009,95,2018-11-06
EMP1079,Siddharth Sharma,Operations,Kolkata,Consultant,MGR006,68,2021-01-24
EMP1080,Aman Chatterjee,Consulting,Hyderabad,Manager,MGR036,21,2024-12-04
EMP1081,Aman Kaur,Operations,Mumbai,Manager,MGR017,6,2026-02-27
EMP1082,Divya Bhat,Technology,Bengaluru,Senior Manager,MGR005,12,2025-08-31
EMP1083,Vikram Iyer,Tax,Mumbai,Consultant,MGR015,64,2021-05-24
EMP1084,Tanvi Joshi,Consulting,Hyderabad,Senior Consultant,MGR003,62,2021-07-23
EMP1085,Arjun Iyer,Technology,Mumbai,Senior Consultant,MGR017,86,2019-08-03
EMP1086,Nisha Mehta,Technology,Mumbai,Analyst,MGR031,92,2019-02-04
EMP1087,Shreya Reddy,Operations,Mumbai,Manager,MGR019,38,2023-07-13
EMP1088,Karthik Verma,Risk Advisory,Bengaluru,Senior Manager,MGR013,40,2023-05-14
EMP1089,Anjali Shetty,Consulting,Gurugram,Manager,MGR005,14,2025-07-02
EMP1090,Vikram Joshi,Audit,Mumbai,Analyst,MGR038,61,2021-08-22
EMP1091,Vikram Chatterjee,Audit,Kolkata,Senior Manager,MGR018,71,2020-10-26
EMP1092,Sara Shetty,Risk Advisory,Hyderabad,Analyst,MGR011,3,2026-05-28
EMP1093,Shreya Verma,Risk Advisory,Gurugram,Consultant,MGR027,66,2021-03-25
EMP1094,Ananya Kulkarni,Consulting,Gurugram,Senior Consultant,MGR026,44,2023-01-14
EMP1095,Nikhil Sharma,Operations,Gurugram,Senior Consultant,MGR024,29,2024-04-08
EMP1096,Lakshmi Das,Consulting,Gurugram,Manager,MGR018,53,2022-04-19
EMP1097,Ananya Nair,Operations,Gurugram,Consultant,MGR016,3,2026-05-28
EMP1098,Rahul Kulkarni,Audit,Gurugram,Manager,MGR002,59,2021-10-21
EMP1099,Aditya Kaur,Technology,Mumbai,Analyst,MGR004,84,2019-10-02
EMP1100,Karthik Mehta,Audit,Pune,Senior Consultant,MGR032,56,2022-01-19
EMP1101,Kabir Bose,Risk Advisory,Hyderabad,Senior Consultant,MGR019,74,2020-07-28
EMP1102,Vikram Joshi,Operations,Mumbai,Senior Consultant,MGR031,87,2019-07-04
EMP1103,Ananya Bose,Operations,Mumbai,Analyst,MGR014,54,2022-03-20
EMP1104,Neha Gupta,Risk Advisory,Gurugram,Manager,MGR028,67,2021-02-23
EMP1105,Sara Iyer,Audit,Gurugram,Senior Manager,MGR006,28,2024-05-08
EMP1106,Vikram Das,Audit,Bengaluru,Manager,MGR025,51,2022-06-18
EMP1107,Arjun Joshi,Tax,Gurugram,Analyst,MGR032,71,2020-10-26
EMP1108,Kabir Bhat,Technology,Pune,Consultant,MGR006,50,2022-07-18
EMP1109,Aditya Joshi,Operations,Hyderabad,Manager,MGR020,35,2023-10-11
EMP1110,Kabir Nair,Risk Advisory,Pune,Manager,MGR038,1,2026-07-27
EMP1111,Aditya Bhat,Risk Advisory,Hyderabad,Consultant,MGR007,13,2025-08-01
EMP1112,Rahul Reddy,Operations,Pune,Manager,MGR006,23,2024-10-05
EMP1113,Aarav Patel,Audit,Kolkata,Analyst,MGR020,9,2025-11-29
EMP1114,Vikram Bhat,Operations,Hyderabad,Analyst,MGR007,84,2019-10-02
EMP1115,Siddharth Menon,Risk Advisory,Gurugram,Consultant,MGR039,71,2020-10-26
EMP1116,Nisha Verma,Tax,Gurugram,Consultant,MGR031,72,2020-09-26
EMP1117,Sara Sharma,Risk Advisory,Pune,Senior Consultant,MGR004,74,2020-07-28
EMP1118,Rohit Pillai,Consulting,Gurugram,Consultant,MGR028,67,2021-02-23
EMP1119,Tanvi Nair,Operations,Gurugram,Manager,MGR024,33,2023-12-10
EMP1120,Aarav Desai,Operations,Kolkata,Analyst,MGR014,29,2024-04-08
EMP1121,Nisha Menon,Audit,Hyderabad,Consultant,MGR017,29,2024-04-08
EMP1122,Ananya Mehta,Risk Advisory,Kolkata,Consultant,MGR015,41,2023-04-14
EMP1123,Diya Mehta,Audit,Hyderabad,Analyst,MGR014,89,2019-05-05
EMP1124,Kabir Pillai,Consulting,Pune,Analyst,MGR012,80,2020-01-30
EMP1125,Rohit Kulkarni,Operations,Bengaluru,Analyst,MGR011,95,2018-11-06
EMP1126,Aman Bhat,Operations,Hyderabad,Analyst,MGR020,27,2024-06-07
EMP1127,Manav Chatterjee,Tax,Hyderabad,Consultant,MGR007,52,2022-05-19
EMP1128,Rohan Chatterjee,Risk Advisory,Bengaluru,Senior Manager,MGR014,39,2023-06-13
EMP1129,Manav Pillai,Consulting,Bengaluru,Manager,MGR013,43,2023-02-13
EMP1130,Arjun Kulkarni,Tax,Pune,Manager,MGR002,61,2021-08-22
EMP1131,Ira Joshi,Consulting,Hyderabad,Analyst,MGR030,35,2023-10-11
EMP1132,Vikram Menon,Operations,Bengaluru,Senior Manager,MGR022,11,2025-09-30
EMP1133,Pooja Nair,Tax,Pune,Senior Consultant,MGR018,46,2022-11-15
EMP1134,Varun Mehta,Operations,Bengaluru,Analyst,MGR015,96,2018-10-07
EMP1135,Karthik Joshi,Tax,Hyderabad,Manager,MGR009,95,2018-11-06
EMP1136,Aarav Desai,Operations,Mumbai,Senior Manager,MGR016,27,2024-06-07
EMP1137,Karthik Chatterjee,Technology,Bengaluru,Senior Manager,MGR013,44,2023-01-14
EMP1138,Sara Pillai,Consulting,Pune,Analyst,MGR031,24,2024-09-05
EMP1139,Meera Pillai,Consulting,Bengaluru,Senior Consultant,MGR040,45,2022-12-15
EMP1140,Riya Shetty,Operations,Hyderabad,Consultant,MGR015,16,2025-05-03
EMP1141,Pooja Gupta,Operations,Kolkata,Analyst,MGR019,62,2021-07-23
EMP1142,Vikram Chatterjee,Tax,Pune,Senior Consultant,MGR013,76,2020-05-29
EMP1143,Sara Gupta,Audit,Gurugram,Senior Manager,MGR013,27,2024-06-07
EMP1144,Vikram Gupta,Technology,Kolkata,Consultant,MGR007,54,2022-03-20
EMP1145,Ananya Sharma,Risk Advisory,Mumbai,Manager,MGR024,8,2025-12-29
EMP1146,Sara Reddy,Consulting,Mumbai,Senior Manager,MGR038,41,2023-04-14
EMP1147,Priya Bhat,Audit,Hyderabad,Senior Manager,MGR017,13,2025-08-01
EMP1148,Aarav Reddy,Operations,Kolkata,Senior Manager,MGR023,89,2019-05-05
EMP1149,Ishaan Patel,Consulting,Mumbai,Senior Consultant,MGR003,51,2022-06-18
EMP1150,Anjali Menon,Consulting,Gurugram,Manager,MGR024,87,2019-07-04
EMP1151,Rohan Menon,Consulting,Hyderabad,Senior Manager,MGR031,43,2023-02-13
EMP1152,Ira Joshi,Operations,Kolkata,Consultant,MGR035,16,2025-05-03
EMP1153,Aditya Rao,Risk Advisory,Gurugram,Senior Consultant,MGR027,24,2024-09-05
EMP1154,Divya Das,Tax,Hyderabad,Manager,MGR002,43,2023-02-13
EMP1155,Aman Menon,Risk Advisory,Pune,Manager,MGR014,3,2026-05-28
EMP1156,Rohit Bose,Risk Advisory,Bengaluru,Analyst,MGR026,59,2021-10-21
EMP1157,Karthik Bose,Audit,Bengaluru,Analyst,MGR036,50,2022-07-18
EMP1158,Rohan Das,Technology,Gurugram,Senior Manager,MGR011,54,2022-03-20
EMP1159,Meera Bhat,Audit,Bengaluru,Analyst,MGR025,40,2023-05-14
EMP1160,Nisha Patel,Consulting,Hyderabad,Senior Consultant,MGR004,29,2024-04-08
EMP1161,Aditya Iyer,Operations,Kolkata,Consultant,MGR015,85,2019-09-02
EMP1162,Lakshmi Menon,Risk Advisory,Mumbai,Senior Manager,MGR014,82,2019-12-01
EMP1163,Meera Joshi,Tax,Bengaluru,Consultant,MGR016,70,2020-11-25
EMP1164,Diya Kaur,Operations,Bengaluru,Senior Consultant,MGR008,28,2024-05-08
EMP1165,Neha Desai,Operations,Hyderabad,Senior Consultant,MGR038,62,2021-07-23
EMP1166,Shreya Chatterjee,Risk Advisory,Kolkata,Manager,MGR012,53,2022-04-19
EMP1167,Tanvi Verma,Audit,Hyderabad,Senior Manager,MGR030,83,2019-11-01
EMP1168,Aditya Reddy,Consulting,Mumbai,Senior Consultant,MGR028,4,2026-04-28
EMP1169,Rahul Bhat,Operations,Bengaluru,Analyst,MGR009,60,2021-09-21
EMP1170,Varun Bhat,Consulting,Bengaluru,Senior Manager,MGR025,44,2023-01-14
EMP1171,Aarav Iyer,Technology,Pune,Analyst,MGR013,21,2024-12-04
EMP1172,Nisha Bose,Operations,Pune,Consultant,MGR005,66,2021-03-25
EMP1173,Varun Rao,Audit,Gurugram,Senior Manager,MGR018,5,2026-03-29
EMP1174,Kabir Rao,Technology,Hyderabad,Consultant,MGR038,62,2021-07-23
EMP1175,Sara Kulkarni,Tax,Bengaluru,Consultant,MGR012,68,2021-01-24
EMP1176,Anjali Rao,Operations,Gurugram,Manager,MGR011,85,2019-09-02
EMP1177,Ananya Bhat,Consulting,Pune,Senior Consultant,MGR029,37,2023-08-12
EMP1178,Nikhil Reddy,Tax,Kolkata,Manager,MGR024,78,2020-03-30
EMP1179,Siddharth Patel,Tax,Gurugram,Analyst,MGR029,51,2022-06-18
EMP1180,Divya Nair,Tax,Kolkata,Senior Consultant,MGR020,82,2019-12-01
EMP1181,Anjali Kulkarni,Operations,Bengaluru,Analyst,MGR015,78,2020-03-30
EMP1182,Aman Pillai,Risk Advisory,Kolkata,Senior Consultant,MGR004,82,2019-12-01
EMP1183,Pooja Nair,Consulting,Bengaluru,Analyst,MGR037,33,2023-12-10
EMP1184,Rahul Chatterjee,Technology,Mumbai,Manager,MGR038,17,2025-04-03
EMP1185,Arjun Chatterjee,Technology,Hyderabad,Consultant,MGR009,21,2024-12-04
EMP1186,Nikhil Patel,Risk Advisory,Bengaluru,Analyst,MGR010,35,2023-10-11
EMP1187,Aditya Rao,Consulting,Bengaluru,Senior Manager,MGR023,3,2026-05-28
EMP1188,Karthik Mehta,Technology,Pune,Manager,MGR016,78,2020-03-30
EMP1189,Diya Nair,Technology,Bengaluru,Manager,MGR012,4,2026-04-28
EMP1190,Anjali Reddy,Consulting,Kolkata,Senior Manager,MGR013,11,2025-09-30
EMP1191,Rahul Mehta,Operations,Kolkata,Manager,MGR040,29,2024-04-08
EMP1192,Rohan Desai,Operations,Bengaluru,Manager,MGR035,43,2023-02-13
EMP1193,Divya Verma,Consulting,Pune,Manager,MGR012,59,2021-10-21
EMP1194,Vikram Gupta,Operations,Bengaluru,Analyst,MGR022,17,2025-04-03
EMP1195,Lakshmi Rao,Operations,Bengaluru,Senior Consultant,MGR036,92,2019-02-04
EMP1196,Ira Bhat,Tax,Gurugram,Consultant,MGR006,91,2019-03-06
EMP1197,Meera Rao,Audit,Pune,Consultant,MGR011,1,2026-07-27
EMP1198,Arjun Joshi,Tax,Kolkata,Consultant,MGR025,45,2022-12-15
EMP1199,Anjali Kaur,Risk Advisory,Hyderabad,Senior Manager,MGR001,84,2019-10-02
EMP1200,Divya Gupta,Technology,Gurugram,Consultant,MGR026,4,2026-04-28
EMP1201,Siddharth Bose,Audit,Bengaluru,Analyst,MGR008,13,2025-08-01
EMP1202,Priya Patel,Operations,Bengaluru,Analyst,MGR003,24,2024-09-05
EMP1203,Aman Nair,Operations,Bengaluru,Analyst,MGR005,86,2019-08-03
EMP1204,Arjun Kaur,Operations,Bengaluru,Manager,MGR007,3,2026-05-28
EMP1205,Ananya Nair,Consulting,Pune,Analyst,MGR019,30,2024-03-09
EMP1206,Ananya Menon,Tax,Gurugram,Senior Consultant,MGR028,20,2025-01-03
EMP1207,Vikram Desai,Consulting,Pune,Senior Consultant,MGR021,48,2022-09-16
EMP1208,Rahul Shetty,Tax,Kolkata,Analyst,MGR027,81,2019-12-31
EMP1209,Varun Reddy,Tax,Hyderabad,Analyst,MGR035,70,2020-11-25
EMP1210,Lakshmi Iyer,Technology,Gurugram,Consultant,MGR028,95,2018-11-06
EMP1211,Nisha Nair,Consulting,Gurugram,Manager,MGR007,29,2024-04-08
EMP1212,Tanvi Das,Tax,Kolkata,Senior Consultant,MGR037,27,2024-06-07
EMP1213,Manav Menon,Operations,Mumbai,Manager,MGR011,40,2023-05-14
EMP1214,Varun Iyer,Risk Advisory,Pune,Senior Manager,MGR007,85,2019-09-02
EMP1215,Ananya Joshi,Risk Advisory,Pune,Analyst,MGR028,49,2022-08-17
EMP1216,Priya Menon,Tax,Gurugram,Manager,MGR035,1,2026-07-27
EMP1217,Rohit Gupta,Risk Advisory,Mumbai,Senior Manager,MGR039,52,2022-05-19
EMP1218,Aman Nair,Tax,Kolkata,Senior Consultant,MGR034,81,2019-12-31
EMP1219,Shreya Kaur,Operations,Gurugram,Consultant,MGR030,61,2021-08-22
EMP1220,Siddharth Gupta,Audit,Gurugram,Manager,MGR016,36,2023-09-11
EMP1221,Nisha Mehta,Audit,Pune,Consultant,MGR016,38,2023-07-13
EMP1222,Rahul Chatterjee,Audit,Mumbai,Senior Consultant,MGR013,81,2019-12-31
EMP1223,Meera Reddy,Audit,Hyderabad,Consultant,MGR010,17,2025-04-03
EMP1224,Riya Rao,Audit,Bengaluru,Analyst,MGR018,42,2023-03-15
EMP1225,Karthik Nair,Consulting,Hyderabad,Manager,MGR015,53,2022-04-19
EMP1226,Nisha Verma,Consulting,Mumbai,Senior Consultant,MGR039,84,2019-10-02
EMP1227,Divya Gupta,Risk Advisory,Pune,Senior Manager,MGR038,4,2026-04-28
EMP1228,Lakshmi Gupta,Operations,Pune,Senior Manager,MGR015,57,2021-12-20
EMP1229,Ananya Verma,Risk Advisory,Gurugram,Senior Consultant,MGR007,86,2019-08-03
EMP1230,Ira Joshi,Operations,Pune,Consultant,MGR017,35,2023-10-11
EMP1231,Karthik Sharma,Technology,Hyderabad,Senior Manager,MGR012,4,2026-04-28
EMP1232,Varun Sharma,Risk Advisory,Hyderabad,Analyst,MGR003,45,2022-12-15
EMP1233,Meera Menon,Technology,Gurugram,Analyst,MGR037,31,2024-02-08
EMP1234,Nikhil Shetty,Technology,Bengaluru,Senior Consultant,MGR034,30,2024-03-09
EMP1235,Arjun Bose,Risk Advisory,Kolkata,Analyst,MGR040,62,2021-07-23
EMP1236,Vikram Rao,Risk Advisory,Hyderabad,Analyst,MGR001,11,2025-09-30
EMP1237,Aman Chatterjee,Technology,Gurugram,Analyst,MGR015,57,2021-12-20
EMP1238,Rahul Gupta,Risk Advisory,Hyderabad,Consultant,MGR011,55,2022-02-18
EMP1239,Ira Menon,Risk Advisory,Pune,Senior Manager,MGR015,12,2025-08-31
EMP1240,Priya Pillai,Risk Advisory,Gurugram,Senior Manager,MGR009,22,2024-11-04
EMP1241,Priya Gupta,Tax,Pune,Manager,MGR017,64,2021-05-24
EMP1242,Meera Shetty,Consulting,Pune,Senior Consultant,MGR023,90,2019-04-05
EMP1243,Ishaan Shetty,Risk Advisory,Hyderabad,Senior Manager,MGR006,42,2023-03-15
EMP1244,Kabir Desai,Risk Advisory,Bengaluru,Analyst,MGR037,50,2022-07-18
EMP1245,Rahul Chatterjee,Operations,Kolkata,Analyst,MGR001,21,2024-12-04
EMP1246,Aman Desai,Tax,Kolkata,Analyst,MGR038,13,2025-08-01
EMP1247,Meera Verma,Tax,Mumbai,Consultant,MGR026,33,2023-12-10
EMP1248,Pooja Mehta,Consulting,Pune,Senior Manager,MGR020,25,2024-08-06
EMP1249,Arjun Bhat,Consulting,Pune,Manager,MGR008,92,2019-02-04
EMP1250,Riya Gupta,Audit,Hyderabad,Manager,MGR036,37,2023-08-12
EMP1251,Rohit Patel,Operations,Hyderabad,Consultant,MGR032,63,2021-06-23
EMP1252,Lakshmi Sharma,Audit,Gurugram,Manager,MGR037,80,2020-01-30
EMP1253,Manav Verma,Tax,Hyderabad,Manager,MGR005,41,2023-04-14
EMP1254,Aman Sharma,Consulting,Kolkata,Analyst,MGR022,50,2022-07-18
EMP1255,Rahul Shetty,Risk Advisory,Mumbai,Analyst,MGR014,16,2025-05-03
EMP1256,Kabir Kulkarni,Consulting,Pune,Senior Consultant,MGR022,84,2019-10-02
EMP1257,Neha Menon,Tax,Hyderabad,Senior Consultant,MGR028,71,2020-10-26
EMP1258,Manav Desai,Tax,Gurugram,Manager,MGR026,10,2025-10-30
EMP1259,Lakshmi Bhat,Tax,Mumbai,Manager,MGR008,38,2023-07-13
EMP1260,Nikhil Desai,Audit,Kolkata,Analyst,MGR003,44,2023-01-14
EMP1261,Rohit Joshi,Technology,Kolkata,Analyst,MGR026,74,2020-07-28
EMP1262,Diya Menon,Risk Advisory,Kolkata,Analyst,MGR033,4,2026-04-28
EMP1263,Aditya Mehta,Audit,Pune,Senior Manager,MGR006,82,2019-12-01
EMP1264,Aman Verma,Operations,Mumbai,Analyst,MGR012,89,2019-05-05
EMP1265,Varun Reddy,Operations,Bengaluru,Senior Consultant,MGR009,4,2026-04-28
EMP1266,Nikhil Rao,Tax,Mumbai,Manager,MGR003,75,2020-06-28
EMP1267,Siddharth Das,Consulting,Hyderabad,Senior Manager,MGR034,59,2021-10-21
EMP1268,Varun Pillai,Technology,Pune,Manager,MGR029,19,2025-02-02
EMP1269,Aditya Mehta,Technology,Pune,Consultant,MGR031,91,2019-03-06
EMP1270,Ananya Iyer,Operations,Hyderabad,Consultant,MGR010,74,2020-07-28
EMP1271,Aarav Sharma,Operations,Pune,Analyst,MGR006,58,2021-11-20
EMP1272,Kabir Shetty,Consulting,Gurugram,Senior Manager,MGR016,19,2025-02-02
EMP1273,Anjali Nair,Tax,Pune,Consultant,MGR006,27,2024-06-07
EMP1274,Nikhil Shetty,Risk Advisory,Pune,Senior Consultant,MGR004,75,2020-06-28
EMP1275,Diya Sharma,Operations,Pune,Senior Manager,MGR006,5,2026-03-29
EMP1276,Divya Mehta,Audit,Hyderabad,Senior Manager,MGR004,43,2023-02-13
EMP1277,Divya Verma,Risk Advisory,Pune,Consultant,MGR010,77,2020-04-29
EMP1278,Priya Bose,Operations,Hyderabad,Manager,MGR025,18,2025-03-04
EMP1279,Vikram Das,Tax,Gurugram,Senior Consultant,MGR004,61,2021-08-22
EMP1280,Nikhil Mehta,Tax,Kolkata,Analyst,MGR010,87,2019-07-04
EMP1281,Siddharth Pillai,Audit,Hyderabad,Manager,MGR025,43,2023-02-13
EMP1282,Ira Verma,Tax,Pune,Analyst,MGR021,33,2023-12-10
EMP1283,Meera Das,Consulting,Gurugram,Consultant,MGR037,58,2021-11-20
EMP1284,Shreya Shetty,Tax,Kolkata,Analyst,MGR035,74,2020-07-28
EMP1285,Arjun Gupta,Tax,Kolkata,Analyst,MGR026,52,2022-05-19
EMP1286,Anjali Rao,Technology,Bengaluru,Manager,MGR030,30,2024-03-09
EMP1287,Ira Chatterjee,Consulting,Mumbai,Manager,MGR038,72,2020-09-26
EMP1288,Rohit Bhat,Tax,Hyderabad,Senior Manager,MGR038,37,2023-08-12
EMP1289,Arjun Iyer,Audit,Pune,Senior Consultant,MGR024,31,2024-02-08
EMP1290,Aditya Bhat,Audit,Mumbai,Analyst,MGR032,49,2022-08-17
EMP1291,Priya Verma,Consulting,Mumbai,Senior Consultant,MGR039,17,2025-04-03
EMP1292,Rahul Mehta,Consulting,Bengaluru,Analyst,MGR014,39,2023-06-13
EMP1293,Tanvi Das,Technology,Mumbai,Senior Consultant,MGR018,76,2020-05-29
EMP1294,Varun Das,Technology,Mumbai,Senior Consultant,MGR003,61,2021-08-22
EMP1295,Aditya Iyer,Consulting,Bengaluru,Analyst,MGR036,27,2024-06-07
EMP1296,Karthik Shetty,Consulting,Kolkata,Manager,MGR008,94,2018-12-06
EMP1297,Vikram Kulkarni,Technology,Mumbai,Analyst,MGR033,15,2025-06-02
EMP1298,Lakshmi Bose,Tax,Mumbai,Consultant,MGR012,61,2021-08-22
EMP1299,Priya Nair,Technology,Bengaluru,Analyst,MGR017,36,2023-09-11
EMP1300,Divya Shetty,Consulting,Bengaluru,Consultant,MGR021,94,2018-12-06
EMP1301,Shreya Desai,Technology,Kolkata,Manager,MGR007,29,2024-04-08
EMP1302,Vikram Joshi,Consulting,Gurugram,Manager,MGR025,51,2022-06-18
EMP1303,Ira Patel,Operations,Bengaluru,Manager,MGR013,34,2023-11-10
EMP1304,Anjali Gupta,Consulting,Kolkata,Senior Consultant,MGR009,24,2024-09-05
EMP1305,Anjali Joshi,Consulting,Pune,Analyst,MGR029,16,2025-05-03
EMP1306,Manav Gupta,Risk Advisory,Bengaluru,Senior Consultant,MGR010,45,2022-12-15
EMP1307,Meera Verma,Technology,Mumbai,Manager,MGR010,11,2025-09-30
EMP1308,Sara Patel,Consulting,Gurugram,Senior Manager,MGR019,56,2022-01-19
EMP1309,Vikram Shetty,Consulting,Gurugram,Manager,MGR031,25,2024-08-06
EMP1310,Diya Menon,Technology,Hyderabad,Senior Consultant,MGR008,69,2020-12-25
EMP1311,Priya Pillai,Tax,Mumbai,Consultant,MGR007,29,2024-04-08
EMP1312,Rohit Bose,Consulting,Pune,Senior Consultant,MGR010,57,2021-12-20
EMP1313,Karthik Bhat,Tax,Kolkata,Consultant,MGR029,6,2026-02-27
EMP1314,Nisha Bose,Tax,Hyderabad,Analyst,MGR027,71,2020-10-26
EMP1315,Meera Patel,Audit,Kolkata,Consultant,MGR012,77,2020-04-29
EMP1316,Manav Iyer,Technology,Pune,Manager,MGR018,14,2025-07-02
EMP1317,Pooja Menon,Technology,Gurugram,Consultant,MGR001,21,2024-12-04
EMP1318,Riya Nair,Technology,Gurugram,Senior Consultant,MGR019,70,2020-11-25
EMP1319,Rohan Sharma,Risk Advisory,Hyderabad,Consultant,MGR018,4,2026-04-28
EMP1320,Manav Chatterjee,Consulting,Mumbai,Senior Consultant,MGR037,76,2020-05-29
EMP1321,Priya Bhat,Risk Advisory,Kolkata,Analyst,MGR008,4,2026-04-28
EMP1322,Manav Kulkarni,Operations,Hyderabad,Senior Manager,MGR004,35,2023-10-11
EMP1323,Divya Shetty,Risk Advisory,Kolkata,Analyst,MGR034,17,2025-04-03
EMP1324,Aarav Gupta,Consulting,Mumbai,Senior Manager,MGR012,21,2024-12-04
EMP1325,Vikram Kaur,Consulting,Bengaluru,Analyst,MGR013,43,2023-02-13
EMP1326,Aman Das,Risk Advisory,Kolkata,Consultant,MGR029,80,2020-01-30
EMP1327,Nikhil Bose,Consulting,Gurugram,Analyst,MGR030,16,2025-05-03
EMP1328,Varun Rao,Consulting,Bengaluru,Analyst,MGR026,68,2021-01-24
EMP1329,Siddharth Gupta,Audit,Mumbai,Senior Manager,MGR030,5,2026-03-29
EMP1330,Manav Sharma,Operations,Hyderabad,Manager,MGR039,25,2024-08-06
EMP1331,Diya Joshi,Consulting,Gurugram,Senior Consultant,MGR026,5,2026-03-29
EMP1332,Nikhil Pillai,Technology,Gurugram,Manager,MGR036,46,2022-11-15
EMP1333,Kabir Chatterjee,Audit,Hyderabad,Analyst,MGR024,70,2020-11-25
EMP1334,Rohan Kulkarni,Risk Advisory,Mumbai,Senior Manager,MGR002,27,2024-06-07
EMP1335,Aditya Verma,Operations,Bengaluru,Analyst,MGR003,57,2021-12-20
EMP1336,Vikram Mehta,Tax,Pune,Senior Manager,MGR003,5,2026-03-29
EMP1337,Ananya Bhat,Consulting,Hyderabad,Consultant,MGR003,36,2023-09-11
EMP1338,Priya Bose,Consulting,Bengaluru,Senior Manager,MGR033,43,2023-02-13
EMP1339,Karthik Das,Technology,Mumbai,Manager,MGR008,14,2025-07-02
EMP1340,Anjali Pillai,Technology,Gurugram,Senior Consultant,MGR016,41,2023-04-14
EMP1341,Nisha Verma,Technology,Pune,Senior Manager,MGR015,73,2020-08-27
EMP1342,Neha Chatterjee,Risk Advisory,Kolkata,Senior Consultant,MGR040,29,2024-04-08
EMP1343,Aarav Gupta,Tax,Mumbai,Consultant,MGR033,43,2023-02-13
EMP1344,Aditya Sharma,Tax,Mumbai,Consultant,MGR021,78,2020-03-30
EMP1345,Vikram Desai,Audit,Gurugram,Analyst,MGR002,66,2021-03-25
EMP1346,Pooja Chatterjee,Risk Advisory,Pune,Analyst,MGR034,12,2025-08-31
EMP1347,Priya Reddy,Technology,Mumbai,Consultant,MGR027,60,2021-09-21
EMP1348,Kabir Menon,Technology,Kolkata,Senior Consultant,MGR034,49,2022-08-17
EMP1349,Vikram Patel,Risk Advisory,Bengaluru,Analyst,MGR027,64,2021-05-24
EMP1350,Ananya Shetty,Risk Advisory,Kolkata,Consultant,MGR027,78,2020-03-30
EMP1351,Lakshmi Mehta,Technology,Bengaluru,Manager,MGR029,3,2026-05-28
EMP1352,Divya Chatterjee,Tax,Gurugram,Manager,MGR034,40,2023-05-14
EMP1353,Aman Kulkarni,Consulting,Pune,Manager,MGR025,53,2022-04-19
EMP1354,Neha Desai,Audit,Hyderabad,Senior Manager,MGR025,27,2024-06-07
EMP1355,Manav Kulkarni,Tax,Kolkata,Consultant,MGR021,15,2025-06-02
EMP1356,Rohit Sharma,Consulting,Bengaluru,Senior Consultant,MGR037,58,2021-11-20
EMP1357,Anjali Kaur,Tax,Kolkata,Senior Manager,MGR028,42,2023-03-15
EMP1358,Divya Pillai,Risk Advisory,Hyderabad,Senior Consultant,MGR003,70,2020-11-25
EMP1359,Karthik Sharma,Operations,Bengaluru,Senior Manager,MGR015,48,2022-09-16
EMP1360,Rahul Joshi,Operations,Kolkata,Senior Manager,MGR010,51,2022-06-18
EMP1361,Tanvi Joshi,Risk Advisory,Kolkata,Senior Manager,MGR022,4,2026-04-28
EMP1362,Meera Chatterjee,Tax,Gurugram,Analyst,MGR020,15,2025-06-02
EMP1363,Aman Desai,Operations,Gurugram,Senior Manager,MGR027,18,2025-03-04
EMP1364,Nisha Bhat,Audit,Kolkata,Consultant,MGR027,71,2020-10-26
EMP1365,Siddharth Mehta,Consulting,Gurugram,Senior Manager,MGR003,84,2019-10-02
EMP1366,Ira Sharma,Tax,Pune,Senior Manager,MGR001,5,2026-03-29
EMP1367,Manav Reddy,Technology,Bengaluru,Analyst,MGR013,54,2022-03-20
EMP1368,Siddharth Rao,Operations,Kolkata,Senior Manager,MGR010,74,2020-07-28
EMP1369,Pooja Reddy,Audit,Mumbai,Senior Manager,MGR033,56,2022-01-19
EMP1370,Rohan Bose,Technology,Hyderabad,Manager,MGR040,16,2025-05-03
EMP1371,Aman Sharma,Operations,Kolkata,Senior Consultant,MGR010,11,2025-09-30
EMP1372,Vikram Bose,Consulting,Gurugram,Analyst,MGR038,49,2022-08-17
EMP1373,Karthik Mehta,Risk Advisory,Bengaluru,Analyst,MGR015,28,2024-05-08
EMP1374,Varun Nair,Risk Advisory,Bengaluru,Senior Manager,MGR016,78,2020-03-30
EMP1375,Meera Das,Audit,Gurugram,Analyst,MGR030,9,2025-11-29
EMP1376,Vikram Shetty,Consulting,Mumbai,Manager,MGR038,81,2019-12-31
EMP1377,Aditya Shetty,Consulting,Mumbai,Analyst,MGR012,43,2023-02-13
EMP1378,Meera Sharma,Tax,Hyderabad,Senior Manager,MGR024,52,2022-05-19
EMP1379,Lakshmi Joshi,Tax,Hyderabad,Analyst,MGR008,72,2020-09-26
EMP1380,Neha Gupta,Risk Advisory,Mumbai,Manager,MGR019,48,2022-09-16
EMP1381,Diya Rao,Operations,Bengaluru,Senior Consultant,MGR010,59,2021-10-21
EMP1382,Rohan Menon,Tax,Kolkata,Consultant,MGR036,20,2025-01-03
EMP1383,Meera Chatterjee,Tax,Mumbai,Manager,MGR025,34,2023-11-10
EMP1384,Arjun Desai,Risk Advisory,Kolkata,Consultant,MGR015,78,2020-03-30
EMP1385,Nikhil Rao,Technology,Hyderabad,Senior Manager,MGR024,2,2026-06-27
EMP1386,Pooja Bhat,Audit,Mumbai,Analyst,MGR033,55,2022-02-18
EMP1387,Divya Joshi,Consulting,Pune,Senior Manager,MGR010,38,2023-07-13
EMP1388,Nikhil Iyer,Operations,Mumbai,Consultant,MGR021,53,2022-04-19
EMP1389,Rohan Kaur,Tax,Kolkata,Senior Consultant,MGR013,17,2025-04-03
EMP1390,Rohan Gupta,Tax,Mumbai,Manager,MGR019,43,2023-02-13
EMP1391,Varun Patel,Tax,Mumbai,Analyst,MGR024,63,2021-06-23
EMP1392,Nikhil Chatterjee,Risk Advisory,Bengaluru,Manager,MGR016,88,2019-06-04
EMP1393,Priya Reddy,Audit,Gurugram,Analyst,MGR018,55,2022-02-18
EMP1394,Nikhil Nair,Risk Advisory,Bengaluru,Senior Manager,MGR011,32,2024-01-09
EMP1395,Kabir Joshi,Operations,Bengaluru,Senior Manager,MGR020,42,2023-03-15
EMP1396,Siddharth Gupta,Technology,Hyderabad,Senior Manager,MGR017,26,2024-07-07
EMP1397,Shreya Das,Tax,Bengaluru,Analyst,MGR019,89,2019-05-05
EMP1398,Pooja Nair,Audit,Pune,Analyst,MGR003,78,2020-03-30
EMP1399,Varun Chatterjee,Operations,Bengaluru,Manager,MGR026,30,2024-03-09
EMP1400,Manav Gupta,Tax,Kolkata,Analyst,MGR023,82,2019-12-01
EMP1401,Karthik Kulkarni,Operations,Kolkata,Manager,MGR033,58,2021-11-20
EMP1402,Arjun Pillai,Operations,Kolkata,Consultant,MGR032,93,2019-01-05
EMP1403,Nikhil Kaur,Tax,Mumbai,Senior Manager,MGR011,9,2025-11-29
EMP1404,Sara Kaur,Tax,Mumbai,Analyst,MGR011,85,2019-09-02
EMP1405,Rohan Menon,Operations,Gurugram,Consultant,MGR009,56,2022-01-19
EMP1406,Shreya Shetty,Audit,Pune,Consultant,MGR001,66,2021-03-25
EMP1407,Kabir Chatterjee,Operations,Gurugram,Consultant,MGR010,60,2021-09-21
EMP1408,Ishaan Reddy,Technology,Hyderabad,Consultant,MGR010,34,2023-11-10
EMP1409,Manav Joshi,Audit,Bengaluru,Senior Consultant,MGR001,63,2021-06-23
EMP1410,Diya Nair,Tax,Gurugram,Consultant,MGR008,30,2024-03-09
EMP1411,Ananya Bose,Tax,Hyderabad,Manager,MGR037,61,2021-08-22
EMP1412,Neha Iyer,Consulting,Bengaluru,Manager,MGR032,25,2024-08-06
EMP1413,Ishaan Das,Tax,Bengaluru,Manager,MGR028,95,2018-11-06
EMP1414,Ishaan Sharma,Tax,Bengaluru,Senior Consultant,MGR040,73,2020-08-27
EMP1415,Nikhil Rao,Operations,Mumbai,Analyst,MGR009,87,2019-07-04
EMP1416,Varun Joshi,Audit,Gurugram,Senior Consultant,MGR012,7,2026-01-28
EMP1417,Lakshmi Bose,Consulting,Pune,Senior Consultant,MGR040,71,2020-10-26
EMP1418,Aman Chatterjee,Tax,Mumbai,Senior Consultant,MGR009,27,2024-06-07
EMP1419,Manav Rao,Audit,Bengaluru,Analyst,MGR007,51,2022-06-18
EMP1420,Anjali Joshi,Consulting,Mumbai,Manager,MGR028,84,2019-10-02
EMP1421,Nisha Mehta,Technology,Pune,Analyst,MGR010,24,2024-09-05
EMP1422,Kabir Verma,Operations,Hyderabad,Analyst,MGR003,24,2024-09-05
EMP1423,Arjun Menon,Operations,Gurugram,Analyst,MGR003,4,2026-04-28
EMP1424,Riya Patel,Tax,Bengaluru,Analyst,MGR033,5,2026-03-29
EMP1425,Rohan Verma,Consulting,Pune,Consultant,MGR011,47,2022-10-16
EMP1426,Karthik Das,Operations,Gurugram,Senior Manager,MGR013,4,2026-04-28
EMP1427,Ishaan Bhat,Risk Advisory,Hyderabad,Senior Manager,MGR010,73,2020-08-27
EMP1428,Pooja Iyer,Consulting,Pune,Senior Consultant,MGR039,81,2019-12-31
EMP1429,Siddharth Pillai,Tax,Hyderabad,Consultant,MGR020,76,2020-05-29
EMP1430,Rohit Sharma,Audit,Mumbai,Manager,MGR006,5,2026-03-29
EMP1431,Priya Kaur,Technology,Hyderabad,Senior Consultant,MGR034,78,2020-03-30
EMP1432,Aditya Rao,Consulting,Mumbai,Consultant,MGR013,60,2021-09-21
EMP1433,Sara Rao,Operations,Bengaluru,Consultant,MGR034,18,2025-03-04
EMP1434,Tanvi Gupta,Technology,Hyderabad,Consultant,MGR035,94,2018-12-06
EMP1435,Divya Bhat,Technology,Kolkata,Analyst,MGR027,18,2025-03-04
EMP1436,Kabir Bhat,Technology,Kolkata,Analyst,MGR033,60,2021-09-21
EMP1437,Aditya Kaur,Audit,Mumbai,Senior Manager,MGR031,91,2019-03-06
EMP1438,Priya Mehta,Consulting,Hyderabad,Consultant,MGR004,21,2024-12-04
EMP1439,Nikhil Mehta,Audit,Hyderabad,Senior Consultant,MGR008,5,2026-03-29
EMP1440,Anjali Iyer,Technology,Mumbai,Senior Manager,MGR008,58,2021-11-20
EMP1441,Meera Chatterjee,Operations,Gurugram,Analyst,MGR017,49,2022-08-17
EMP1442,Rahul Bhat,Tax,Pune,Manager,MGR003,51,2022-06-18
EMP1443,Ananya Chatterjee,Technology,Gurugram,Senior Manager,MGR008,49,2022-08-17
EMP1444,Sara Rao,Tax,Mumbai,Manager,MGR002,90,2019-04-05
EMP1445,Karthik Reddy,Consulting,Hyderabad,Analyst,MGR005,5,2026-03-29
EMP1446,Kabir Kaur,Tax,Pune,Manager,MGR010,27,2024-06-07
EMP1447,Neha Rao,Risk Advisory,Bengaluru,Analyst,MGR022,36,2023-09-11
EMP1448,Rahul Shetty,Consulting,Bengaluru,Analyst,MGR012,66,2021-03-25
EMP1449,Shreya Mehta,Risk Advisory,Hyderabad,Consultant,MGR029,86,2019-08-03
EMP1450,Rahul Iyer,Tax,Gurugram,Senior Manager,MGR014,82,2019-12-01
EMP1451,Siddharth Mehta,Consulting,Mumbai,Consultant,MGR024,20,2025-01-03
EMP1452,Siddharth Verma,Risk Advisory,Gurugram,Senior Consultant,MGR001,46,2022-11-15
EMP1453,Ishaan Gupta,Consulting,Mumbai,Manager,MGR039,65,2021-04-24
EMP1454,Divya Patel,Tax,Hyderabad,Senior Consultant,MGR005,22,2024-11-04
EMP1455,Priya Das,Technology,Kolkata,Senior Manager,MGR009,37,2023-08-12
EMP1456,Anjali Kaur,Consulting,Mumbai,Manager,MGR037,8,2025-12-29
EMP1457,Ira Desai,Audit,Mumbai,Analyst,MGR020,50,2022-07-18
EMP1458,Divya Chatterjee,Technology,Pune,Consultant,MGR023,47,2022-10-16
EMP1459,Ishaan Nair,Operations,Gurugram,Senior Consultant,MGR031,4,2026-04-28
EMP1460,Ira Gupta,Tax,Mumbai,Consultant,MGR014,35,2023-10-11
EMP1461,Karthik Joshi,Risk Advisory,Hyderabad,Senior Manager,MGR020,89,2019-05-05
EMP1462,Rohan Patel,Tax,Pune,Senior Consultant,MGR017,79,2020-02-29
EMP1463,Shreya Kulkarni,Consulting,Mumbai,Senior Manager,MGR006,74,2020-07-28
EMP1464,Siddharth Chatterjee,Risk Advisory,Gurugram,Manager,MGR005,42,2023-03-15
EMP1465,Rohit Bose,Tax,Gurugram,Senior Manager,MGR002,3,2026-05-28
EMP1466,Vikram Gupta,Operations,Bengaluru,Consultant,MGR004,84,2019-10-02
EMP1467,Rohit Mehta,Tax,Kolkata,Analyst,MGR013,29,2024-04-08
EMP1468,Kabir Mehta,Consulting,Bengaluru,Analyst,MGR037,11,2025-09-30
EMP1469,Aarav Menon,Tax,Kolkata,Analyst,MGR021,21,2024-12-04
EMP1470,Ishaan Kulkarni,Operations,Bengaluru,Manager,MGR026,31,2024-02-08
EMP1471,Meera Nair,Risk Advisory,Bengaluru,Analyst,MGR040,47,2022-10-16
EMP1472,Pooja Joshi,Tax,Hyderabad,Analyst,MGR002,67,2021-02-23
EMP1473,Aman Kulkarni,Consulting,Hyderabad,Senior Manager,MGR022,76,2020-05-29
EMP1474,Kabir Menon,Audit,Kolkata,Analyst,MGR023,6,2026-02-27
EMP1475,Priya Kaur,Operations,Kolkata,Senior Manager,MGR010,58,2021-11-20
EMP1476,Siddharth Kulkarni,Audit,Pune,Senior Manager,MGR017,81,2019-12-31
EMP1477,Varun Nair,Operations,Gurugram,Senior Manager,MGR030,65,2021-04-24
EMP1478,Rahul Bhat,Tax,Mumbai,Senior Consultant,MGR001,50,2022-07-18
EMP1479,Aman Chatterjee,Audit,Pune,Consultant,MGR026,16,2025-05-03
EMP1480,Anjali Sharma,Technology,Mumbai,Analyst,MGR004,15,2025-06-02
EMP1481,Neha Bose,Tax,Kolkata,Senior Consultant,MGR010,30,2024-03-09
EMP1482,Rahul Sharma,Tax,Pune,Consultant,MGR029,24,2024-09-05
EMP1483,Arjun Chatterjee,Risk Advisory,Hyderabad,Consultant,MGR021,67,2021-02-23
EMP1484,Ananya Sharma,Consulting,Pune,Manager,MGR023,7,2026-01-28
EMP1485,Aditya Pillai,Risk Advisory,Pune,Consultant,MGR002,76,2020-05-29
EMP1486,Nikhil Pillai,Audit,Mumbai,Senior Consultant,MGR014,37,2023-08-12
EMP1487,Aman Rao,Tax,Hyderabad,Consultant,MGR037,58,2021-11-20
EMP1488,Lakshmi Rao,Audit,Gurugram,Senior Consultant,MGR006,65,2021-04-24
EMP1489,Lakshmi Gupta,Audit,Gurugram,Senior Manager,MGR039,66,2021-03-25
EMP1490,Siddharth Nair,Audit,Pune,Senior Consultant,MGR003,31,2024-02-08
EMP1491,Meera Pillai,Audit,Gurugram,Analyst,MGR008,60,2021-09-21
EMP1492,Kabir Desai,Audit,Kolkata,Senior Consultant,MGR007,5,2026-03-29
EMP1493,Shreya Joshi,Consulting,Hyderabad,Senior Consultant,MGR026,63,2021-06-23
EMP1494,Siddharth Gupta,Audit,Pune,Analyst,MGR003,1,2026-07-27
EMP1495,Sara Das,Risk Advisory,Pune,Analyst,MGR002,80,2020-01-30
EMP1496,Rohan Reddy,Consulting,Hyderabad,Consultant,MGR034,44,2023-01-14
EMP1497,Sara Kaur,Audit,Pune,Senior Manager,MGR033,26,2024-07-07
EMP1498,Priya Shetty,Consulting,Gurugram,Consultant,MGR015,71,2020-10-26
EMP1499,Nikhil Bose,Consulting,Gurugram,Senior Consultant,MGR005,38,2023-07-13
